JSOC_20181122_093,http://jsoc.stanford.edu/SUM83/D1112359740/S00000/JSOC_20181122_093.tar
JSOC_20181122_094,http://jsoc.stanford.edu/SUM79/D1112359794/S00000/JSOC_20181122_094.tar
JSOC_20181122_095,http://jsoc.stanford.edu/SUM83/D1112359819/S00000/JSOC_20181122_095.tar
JSOC_20181122_096,http://jsoc.stanford.edu/SUM98/D1112359854/S00000/JSOC_20181122_096.tar
JSOC_20181122_097,http://jsoc.stanford.edu/SUM92/D1112359893/S00000/JSOC_20181122_097.tar
JSOC_20181122_098,http://jsoc.stanford.edu/SUM93/D1112359953/S00000/JSOC_20181122_098.tar
JSOC_20181122_099,http://jsoc.stanford.edu/SUM94/D1112360030/S00000/JSOC_20181122_099.tar
JSOC_20181122_100,http://jsoc.stanford.edu/SUM73/D1112360081/S00000/JSOC_20181122_100.tar
JSOC_20181122_101,http://jsoc.stanford.edu/SUM81/D1112360095/S00000/JSOC_20181122_101.tar
JSOC_20181122_102,http://jsoc.stanford.edu/SUM80/D1112360151/S00000/JSOC_20181122_102.tar
JSOC_20181122_103,http://jsoc.stanford.edu/SUM96/D1112360210/S00000/JSOC_20181122_103.tar
JSOC_20181122_104,http://jsoc.stanford.edu/SUM90/D1112360251/S00000/JSOC_20181122_104.tar
JSOC_20181122_105,http://jsoc.stanford.edu/SUM95/D1112360276/S00000/JSOC_20181122_105.tar
JSOC_20181122_106,http://jsoc.stanford.edu/SUM94/D1112360308/S00000/JSOC_20181122_106.tar
JSOC_20181122_107,http://jsoc.stanford.edu/SUM92/D1112360366/S00000/JSOC_20181122_107.tar
JSOC_20181122_108,http://jsoc.stanford.edu/SUM79/D1112360404/S00000/JSOC_20181122_108.tar
JSOC_20181122_109,http://jsoc.stanford.edu/SUM83/D1112360430/S00000/JSOC_20181122_109.tar
JSOC_20181122_110,http://jsoc.stanford.edu/SUM97/D1112360477/S00000/JSOC_20181122_110.tar
JSOC_20181122_111,http://jsoc.stanford.edu/SUM78/D1112360478/S00000/JSOC_20181122_111.tar
JSOC_20181122_112,http://jsoc.stanford.edu/SUM83/D1112360499/S00000/JSOC_20181122_112.tar
JSOC_20181122_113,http://jsoc.stanford.edu/SUM83/D1112360581/S00000/JSOC_20181122_113.tar
JSOC_20181122_120,http://jsoc.stanford.edu/SUM73/D1112360614/S00000/JSOC_20181122_120.tar
JSOC_20181122_130,http://jsoc.stanford.edu/SUM94/D1112360686/S00000/JSOC_20181122_130.tar
JSOC_20181122_138,http://jsoc.stanford.edu/SUM84/D1112360754/S00000/JSOC_20181122_138.tar
JSOC_20181122_147,http://jsoc.stanford.edu/SUM94/D1112360829/S00000/JSOC_20181122_147.tar
JSOC_20181122_155,http://jsoc.stanford.edu/SUM94/D1112360878/S00000/JSOC_20181122_155.tar
JSOC_20181122_164,http://jsoc.stanford.edu/SUM94/D1112360944/S00000/JSOC_20181122_164.tar
JSOC_20181122_169,http://jsoc.stanford.edu/SUM91/D1112361024/S00000/JSOC_20181122_169.tar
JSOC_20181122_176,http://jsoc.stanford.edu/SUM97/D1112361067/S00000/JSOC_20181122_176.tar
JSOC_20181122_184,http://jsoc.stanford.edu/SUM79/D1112361088/S00000/JSOC_20181122_184.tar
JSOC_20181122_192,http://jsoc.stanford.edu/SUM86/D1112361139/S00000/JSOC_20181122_192.tar
JSOC_20181122_198,http://jsoc.stanford.edu/SUM86/D1112361228/S00000/JSOC_20181122_198.tar
JSOC_20181122_209,http://jsoc.stanford.edu/SUM92/D1112361282/S00000/JSOC_20181122_209.tar
JSOC_20181122_214,http://jsoc.stanford.edu/SUM97/D1112361314/S00000/JSOC_20181122_214.tar
JSOC_20181122_220,http://jsoc.stanford.edu/SUM90/D1112361346/S00000/JSOC_20181122_220.tar
JSOC_20181122_227,http://jsoc.stanford.edu/SUM76/D1112361459/S00000/JSOC_20181122_227.tar
JSOC_20181122_228,http://jsoc.stanford.edu/SUM92/D1112361486/S00000/JSOC_20181122_228.tar
JSOC_20181122_230,http://jsoc.stanford.edu/SUM75/D1112361508/S00000/JSOC_20181122_230.tar
JSOC_20181122_231,http://jsoc.stanford.edu/SUM96/D1112361544/S00000/JSOC_20181122_231.tar
JSOC_20181122_232,http://jsoc.stanford.edu/SUM79/D1112361566/S00000/JSOC_20181122_232.tar
JSOC_20181122_233,http://jsoc.stanford.edu/SUM75/D1112361599/S00000/JSOC_20181122_233.tar
JSOC_20181122_234,http://jsoc.stanford.edu/SUM89/D1112361630/S00000/JSOC_20181122_234.tar
JSOC_20181122_235,http://jsoc.stanford.edu/SUM88/D1112361629/S00000/JSOC_20181122_235.tar
JSOC_20181122_236,http://jsoc.stanford.edu/SUM94/D1112361658/S00000/JSOC_20181122_236.tar
JSOC_20181122_237,http://jsoc.stanford.edu/SUM78/D1112361690/S00000/JSOC_20181122_237.tar
JSOC_20181122_238,http://jsoc.stanford.edu/SUM98/D1112361731/S00000/JSOC_20181122_238.tar
JSOC_20181122_239,http://jsoc.stanford.edu/SUM85/D1112361823/S00000/JSOC_20181122_239.tar
JSOC_20181122_240,http://jsoc.stanford.edu/SUM86/D1112361844/S00000/JSOC_20181122_240.tar
JSOC_20181122_241,http://jsoc.stanford.edu/SUM96/D1112361869/S00000/JSOC_20181122_241.tar
JSOC_20181122_242,http://jsoc.stanford.edu/SUM96/D1112361912/S00000/JSOC_20181122_242.tar
JSOC_20181122_243,http://jsoc.stanford.edu/SUM94/D1112361935/S00000/JSOC_20181122_243.tar
JSOC_20181122_244,http://jsoc.stanford.edu/SUM90/D1112361977/S00000/JSOC_20181122_244.tar
JSOC_20181122_245,http://jsoc.stanford.edu/SUM78/D1112362004/S00000/JSOC_20181122_245.tar
JSOC_20181122_246,http://jsoc.stanford.edu/SUM82/D1112362043/S00000/JSOC_20181122_246.tar
JSOC_20181122_248,http://jsoc.stanford.edu/SUM87/D1112362069/S00000/JSOC_20181122_248.tar
JSOC_20181122_249,http://jsoc.stanford.edu/SUM89/D1112362098/S00000/JSOC_20181122_249.tar
JSOC_20181122_250,http://jsoc.stanford.edu/SUM83/D1112362126/S00000/JSOC_20181122_250.tar
JSOC_20181122_251,http://jsoc.stanford.edu/SUM87/D1112362155/S00000/JSOC_20181122_251.tar
JSOC_20181122_252,http://jsoc.stanford.edu/SUM84/D1112362274/S00000/JSOC_20181122_252.tar
JSOC_20181122_253,http://jsoc.stanford.edu/SUM90/D1112362296/S00000/JSOC_20181122_253.tar
JSOC_20181122_254,http://jsoc.stanford.edu/SUM80/D1112362318/S00000/JSOC_20181122_254.tar
JSOC_20181122_255,http://jsoc.stanford.edu/SUM96/D1112362352/S00000/JSOC_20181122_255.tar
JSOC_20181122_256,http://jsoc.stanford.edu/SUM73/D1112362366/S00000/JSOC_20181122_256.tar
JSOC_20181122_257,http://jsoc.stanford.edu/SUM90/D1112362434/S00000/JSOC_20181122_257.tar
JSOC_20181122_258,http://jsoc.stanford.edu/SUM87/D1112362445/S00000/JSOC_20181122_258.tar
JSOC_20181122_259,http://jsoc.stanford.edu/SUM93/D1112362480/S00000/JSOC_20181122_259.tar
JSOC_20181122_260,http://jsoc.stanford.edu/SUM87/D1112362505/S00000/JSOC_20181122_260.tar
JSOC_20181122_262,http://jsoc.stanford.edu/SUM75/D1112362635/S00000/JSOC_20181122_262.tar
JSOC_20181122_263,http://jsoc.stanford.edu/SUM76/D1112362644/S00000/JSOC_20181122_263.tar
JSOC_20181122_265,http://jsoc.stanford.edu/SUM79/D1112362749/S00000/JSOC_20181122_265.tar
JSOC_20181122_266,http://jsoc.stanford.edu/SUM84/D1112362793/S00000/JSOC_20181122_266.tar
JSOC_20181122_267,http://jsoc.stanford.edu/SUM96/D1112362818/S00000/JSOC_20181122_267.tar
JSOC_20181122_268,http://jsoc.stanford.edu/SUM82/D1112362851/S00000/JSOC_20181122_268.tar
JSOC_20181122_269,http://jsoc.stanford.edu/SUM89/D1112362901/S00000/JSOC_20181122_269.tar
JSOC_20181122_270,http://jsoc.stanford.edu/SUM81/D1112362956/S00000/JSOC_20181122_270.tar
JSOC_20181122_271,http://jsoc.stanford.edu/SUM81/D1112362967/S00000/JSOC_20181122_271.tar
JSOC_20181122_272,http://jsoc.stanford.edu/SUM75/D1112363014/S00000/JSOC_20181122_272.tar
JSOC_20181122_273,http://jsoc.stanford.edu/SUM96/D1112363026/S00000/JSOC_20181122_273.tar
JSOC_20181122_274,http://jsoc.stanford.edu/SUM73/D1112363050/S00000/JSOC_20181122_274.tar
JSOC_20181122_275,http://jsoc.stanford.edu/SUM86/D1112363088/S00000/JSOC_20181122_275.tar
JSOC_20181122_276,http://jsoc.stanford.edu/SUM81/D1112363159/S00000/JSOC_20181122_276.tar
JSOC_20181122_277,http://jsoc.stanford.edu/SUM76/D1112363195/S00000/JSOC_20181122_277.tar
JSOC_20181122_278,http://jsoc.stanford.edu/SUM77/D1112363217/S00000/JSOC_20181122_278.tar
JSOC_20181122_279,http://jsoc.stanford.edu/SUM91/D1112363237/S00000/JSOC_20181122_279.tar
JSOC_20181122_280,http://jsoc.stanford.edu/SUM78/D1112363279/S00000/JSOC_20181122_280.tar
JSOC_20181122_281,http://jsoc.stanford.edu/SUM89/D1112363335/S00000/JSOC_20181122_281.tar
JSOC_20181122_283,http://jsoc.stanford.edu/SUM75/D1112363382/S00000/JSOC_20181122_283.tar
JSOC_20181122_284,http://jsoc.stanford.edu/SUM79/D1112363404/S00000/JSOC_20181122_284.tar
JSOC_20181122_286,http://jsoc.stanford.edu/SUM87/D1112363440/S00000/JSOC_20181122_286.tar
JSOC_20181122_287,http://jsoc.stanford.edu/SUM95/D1112363481/S00000/JSOC_20181122_287.tar
JSOC_20181122_288,http://jsoc.stanford.edu/SUM96/D1112363538/S00000/JSOC_20181122_288.tar
JSOC_20181122_289,http://jsoc.stanford.edu/SUM97/D1112363562/S00000/JSOC_20181122_289.tar
JSOC_20181122_292,http://jsoc.stanford.edu/SUM82/D1112363702/S00000/JSOC_20181122_292.tar
JSOC_20181122_293,http://jsoc.stanford.edu/SUM80/D1112363715/S00000/JSOC_20181122_293.tar
JSOC_20181122_294,http://jsoc.stanford.edu/SUM95/D1112363750/S00000/JSOC_20181122_294.tar
JSOC_20181122_295,http://jsoc.stanford.edu/SUM88/D1112363771/S00000/JSOC_20181122_295.tar
JSOC_20181122_296,http://jsoc.stanford.edu/SUM82/D1112363792/S00000/JSOC_20181122_296.tar
JSOC_20181122_297,http://jsoc.stanford.edu/SUM93/D1112363850/S00000/JSOC_20181122_297.tar
JSOC_20181122_298,http://jsoc.stanford.edu/SUM95/D1112363861/S00000/JSOC_20181122_298.tar
JSOC_20181122_299,http://jsoc.stanford.edu/SUM84/D1112363891/S00000/JSOC_20181122_299.tar
JSOC_20181122_300,http://jsoc.stanford.edu/SUM94/D1112363964/S00000/JSOC_20181122_300.tar
JSOC_20181122_301,http://jsoc.stanford.edu/SUM78/D1112364022/S00000/JSOC_20181122_301.tar
JSOC_20181122_302,http://jsoc.stanford.edu/SUM75/D1112364065/S00000/JSOC_20181122_302.tar
JSOC_20181122_303,http://jsoc.stanford.edu/SUM84/D1112364079/S00000/JSOC_20181122_303.tar
JSOC_20181122_304,http://jsoc.stanford.edu/SUM98/D1112364103/S00000/JSOC_20181122_304.tar
JSOC_20181122_305,http://jsoc.stanford.edu/SUM84/D1112364134/S00000/JSOC_20181122_305.tar
JSOC_20181122_306,http://jsoc.stanford.edu/SUM86/D1112364183/S00000/JSOC_20181122_306.tar
JSOC_20181122_307,http://jsoc.stanford.edu/SUM84/D1112364220/S00000/JSOC_20181122_307.tar
JSOC_20181122_308,http://jsoc.stanford.edu/SUM92/D1112364246/S00000/JSOC_20181122_308.tar
JSOC_20181122_309,http://jsoc.stanford.edu/SUM76/D1112364259/S00000/JSOC_20181122_309.tar
JSOC_20181122_310,http://jsoc.stanford.edu/SUM84/D1112364339/S00000/JSOC_20181122_310.tar
JSOC_20181122_311,http://jsoc.stanford.edu/SUM99/D1112364354/S00000/JSOC_20181122_311.tar
JSOC_20181122_312,http://jsoc.stanford.edu/SUM76/D1112364439/S00000/JSOC_20181122_312.tar
JSOC_20181122_313,http://jsoc.stanford.edu/SUM88/D1112364441/S00000/JSOC_20181122_313.tar
JSOC_20181122_314,http://jsoc.stanford.edu/SUM98/D1112364444/S00000/JSOC_20181122_314.tar
JSOC_20181122_315,http://jsoc.stanford.edu/SUM86/D1112364447/S00000/JSOC_20181122_315.tar
JSOC_20181122_316,http://jsoc.stanford.edu/SUM84/D1112364473/S00000/JSOC_20181122_316.tar
JSOC_20181122_317,http://jsoc.stanford.edu/SUM99/D1112364484/S00000/JSOC_20181122_317.tar
JSOC_20181122_318,http://jsoc.stanford.edu/SUM84/D1112364526/S00000/JSOC_20181122_318.tar
JSOC_20181122_319,http://jsoc.stanford.edu/SUM76/D1112364573/S00000/JSOC_20181122_319.tar
JSOC_20181122_320,http://jsoc.stanford.edu/SUM83/D1112364633/S00000/JSOC_20181122_320.tar
JSOC_20181122_321,http://jsoc.stanford.edu/SUM91/D1112364643/S00000/JSOC_20181122_321.tar
JSOC_20181122_322,http://jsoc.stanford.edu/SUM91/D1112364686/S00000/JSOC_20181122_322.tar
JSOC_20181122_323,http://jsoc.stanford.edu/SUM96/D1112364711/S00000/JSOC_20181122_323.tar
JSOC_20181122_324,http://jsoc.stanford.edu/SUM95/D1112364719/S00000/JSOC_20181122_324.tar
JSOC_20181122_325,http://jsoc.stanford.edu/SUM82/D1112364802/S00000/JSOC_20181122_325.tar
JSOC_20181122_326,http://jsoc.stanford.edu/SUM73/D1112364817/S00000/JSOC_20181122_326.tar
JSOC_20181122_327,http://jsoc.stanford.edu/SUM77/D1112364818/S00000/JSOC_20181122_327.tar
JSOC_20181122_328,http://jsoc.stanford.edu/SUM88/D1112364863/S00000/JSOC_20181122_328.tar
JSOC_20181122_329,http://jsoc.stanford.edu/SUM80/D1112364874/S00000/JSOC_20181122_329.tar
JSOC_20181122_330,http://jsoc.stanford.edu/SUM77/D1112364909/S00000/JSOC_20181122_330.tar
JSOC_20181122_332,http://jsoc.stanford.edu/SUM81/D1112364940/S00000/JSOC_20181122_332.tar
JSOC_20181122_333,http://jsoc.stanford.edu/SUM80/D1112365637/S00000/JSOC_20181122_333.tar
JSOC_20181122_334,http://jsoc.stanford.edu/SUM87/D1112365932/S00000/JSOC_20181122_334.tar
JSOC_20181122_335,http://jsoc.stanford.edu/SUM84/D1112366357/S00000/JSOC_20181122_335.tar
JSOC_20181122_336,http://jsoc.stanford.edu/SUM73/D1112366699/S00000/JSOC_20181122_336.tar
JSOC_20181122_339,http://jsoc.stanford.edu/SUM76/D1112366954/S00000/JSOC_20181122_339.tar
JSOC_20181122_340,http://jsoc.stanford.edu/SUM94/D1112367252/S00000/JSOC_20181122_340.tar
JSOC_20181122_341,http://jsoc.stanford.edu/SUM81/D1112367597/S00000/JSOC_20181122_341.tar
JSOC_20181122_342,http://jsoc.stanford.edu/SUM82/D1112367906/S00000/JSOC_20181122_342.tar
JSOC_20181122_343,http://jsoc.stanford.edu/SUM93/D1112368156/S00000/JSOC_20181122_343.tar
JSOC_20181122_344,http://jsoc.stanford.edu/SUM99/D1112368534/S00000/JSOC_20181122_344.tar
JSOC_20181122_345,http://jsoc.stanford.edu/SUM91/D1112368847/S00000/JSOC_20181122_345.tar
JSOC_20181122_346,http://jsoc.stanford.edu/SUM94/D1112368992/S00000/JSOC_20181122_346.tar
JSOC_20181122_347,http://jsoc.stanford.edu/SUM89/D1112369029/S00000/JSOC_20181122_347.tar
JSOC_20181122_348,http://jsoc.stanford.edu/SUM89/D1112369053/S00000/JSOC_20181122_348.tar
JSOC_20181122_349,http://jsoc.stanford.edu/SUM92/D1112369066/S00000/JSOC_20181122_349.tar
JSOC_20181122_350,http://jsoc.stanford.edu/SUM78/D1112369110/S00000/JSOC_20181122_350.tar
JSOC_20181122_351,http://jsoc.stanford.edu/SUM89/D1112369130/S00000/JSOC_20181122_351.tar
JSOC_20181122_352,http://jsoc.stanford.edu/SUM87/D1112369204/S00000/JSOC_20181122_352.tar
JSOC_20181122_353,http://jsoc.stanford.edu/SUM95/D1112369250/S00000/JSOC_20181122_353.tar
JSOC_20181122_354,http://jsoc.stanford.edu/SUM79/D1112369295/S00000/JSOC_20181122_354.tar
JSOC_20181122_355,http://jsoc.stanford.edu/SUM87/D1112369323/S00000/JSOC_20181122_355.tar
JSOC_20181122_356,http://jsoc.stanford.edu/SUM94/D1112369325/S00000/JSOC_20181122_356.tar
JSOC_20181122_357,http://jsoc.stanford.edu/SUM94/D1112369324/S00000/JSOC_20181122_357.tar
JSOC_20181122_358,http://jsoc.stanford.edu/SUM89/D1112369345/S00000/JSOC_20181122_358.tar
JSOC_20181122_359,http://jsoc.stanford.edu/SUM78/D1112369405/S00000/JSOC_20181122_359.tar
JSOC_20181122_360,http://jsoc.stanford.edu/SUM99/D1112369419/S00000/JSOC_20181122_360.tar
JSOC_20181122_361,http://jsoc.stanford.edu/SUM75/D1112369456/S00000/JSOC_20181122_361.tar
JSOC_20181122_362,http://jsoc.stanford.edu/SUM96/D1112369479/S00000/JSOC_20181122_362.tar
JSOC_20181122_363,http://jsoc.stanford.edu/SUM88/D1112369489/S00000/JSOC_20181122_363.tar
JSOC_20181122_364,http://jsoc.stanford.edu/SUM76/D1112369550/S00000/JSOC_20181122_364.tar
JSOC_20181122_365,http://jsoc.stanford.edu/SUM97/D1112369570/S00000/JSOC_20181122_365.tar
JSOC_20181122_366,http://jsoc.stanford.edu/SUM99/D1112369582/S00000/JSOC_20181122_366.tar
JSOC_20181122_367,http://jsoc.stanford.edu/SUM99/D1112369635/S00000/JSOC_20181122_367.tar
JSOC_20181122_368,http://jsoc.stanford.edu/SUM89/D1112369633/S00000/JSOC_20181122_368.tar
JSOC_20181122_369,http://jsoc.stanford.edu/SUM76/D1112369636/S00000/JSOC_20181122_369.tar
JSOC_20181122_370,http://jsoc.stanford.edu/SUM82/D1112369650/S00000/JSOC_20181122_370.tar
JSOC_20181122_371,http://jsoc.stanford.edu/SUM91/D1112369684/S00000/JSOC_20181122_371.tar
JSOC_20181122_372,http://jsoc.stanford.edu/SUM90/D1112369731/S00000/JSOC_20181122_372.tar
JSOC_20181122_373,http://jsoc.stanford.edu/SUM92/D1112369743/S00000/JSOC_20181122_373.tar
JSOC_20181122_374,http://jsoc.stanford.edu/SUM73/D1112369763/S00000/JSOC_20181122_374.tar
JSOC_20181122_375,http://jsoc.stanford.edu/SUM85/D1112369775/S00000/JSOC_20181122_375.tar
JSOC_20181122_376,http://jsoc.stanford.edu/SUM89/D1112369790/S00000/JSOC_20181122_376.tar
JSOC_20181122_377,http://jsoc.stanford.edu/SUM78/D1112369800/S00000/JSOC_20181122_377.tar
JSOC_20181122_378,http://jsoc.stanford.edu/SUM98/D1112369851/S00000/JSOC_20181122_378.tar
JSOC_20181122_379,http://jsoc.stanford.edu/SUM78/D1112369862/S00000/JSOC_20181122_379.tar
JSOC_20181122_380,http://jsoc.stanford.edu/SUM87/D1112369877/S00000/JSOC_20181122_380.tar
JSOC_20181122_381,http://jsoc.stanford.edu/SUM80/D1112369889/S00000/JSOC_20181122_381.tar
JSOC_20181122_382,http://jsoc.stanford.edu/SUM94/D1112369899/S00000/JSOC_20181122_382.tar
JSOC_20181122_383,http://jsoc.stanford.edu/SUM75/D1112369901/S00000/JSOC_20181122_383.tar
JSOC_20181122_384,http://jsoc.stanford.edu/SUM73/D1112369913/S00000/JSOC_20181122_384.tar
JSOC_20181122_385,http://jsoc.stanford.edu/SUM89/D1112369963/S00000/JSOC_20181122_385.tar
JSOC_20181122_386,http://jsoc.stanford.edu/SUM80/D1112369974/S00000/JSOC_20181122_386.tar
JSOC_20181122_387,http://jsoc.stanford.edu/SUM83/D1112369986/S00000/JSOC_20181122_387.tar
JSOC_20181122_388,http://jsoc.stanford.edu/SUM85/D1112369997/S00000/JSOC_20181122_388.tar
JSOC_20181122_389,http://jsoc.stanford.edu/SUM83/D1112369998/S00000/JSOC_20181122_389.tar
JSOC_20181122_390,http://jsoc.stanford.edu/SUM97/D1112370002/S00000/JSOC_20181122_390.tar
JSOC_20181122_391,http://jsoc.stanford.edu/SUM86/D1112370015/S00000/JSOC_20181122_391.tar
JSOC_20181122_392,http://jsoc.stanford.edu/SUM94/D1112370043/S00000/JSOC_20181122_392.tar
JSOC_20181122_393,http://jsoc.stanford.edu/SUM91/D1112370070/S00000/JSOC_20181122_393.tar
JSOC_20181122_394,http://jsoc.stanford.edu/SUM81/D1112370129/S00000/JSOC_20181122_394.tar
JSOC_20181122_395,http://jsoc.stanford.edu/SUM97/D1112370138/S00000/JSOC_20181122_395.tar
JSOC_20181122_396,http://jsoc.stanford.edu/SUM99/D1112370170/S00000/JSOC_20181122_396.tar
JSOC_20181122_397,http://jsoc.stanford.edu/SUM95/D1112370273/S00000/JSOC_20181122_397.tar
JSOC_20181122_398,http://jsoc.stanford.edu/SUM73/D1112370314/S00000/JSOC_20181122_398.tar
JSOC_20181122_369,http://jsoc.stanford.edu/SUM76/D1112369636/S00000/JSOC_20181122_369.tar
JSOC_20181122_399,http://jsoc.stanford.edu/SUM97/D1112370339/S00000/JSOC_20181122_399.tar
JSOC_20181122_400,http://jsoc.stanford.edu/SUM85/D1112370371/S00000/JSOC_20181122_400.tar
JSOC_20181122_401,http://jsoc.stanford.edu/SUM88/D1112370395/S00000/JSOC_20181122_401.tar
JSOC_20181122_369,http://jsoc.stanford.edu/SUM76/D1112369636/S00000/JSOC_20181122_369.tar
JSOC_20181122_402,http://jsoc.stanford.edu/SUM84/D1112370429/S00000/JSOC_20181122_402.tar
JSOC_20181122_369,http://jsoc.stanford.edu/SUM76/D1112369636/S00000/JSOC_20181122_369.tar
JSOC_20181122_403,http://jsoc.stanford.edu/SUM80/D1112370463/S00000/JSOC_20181122_403.tar
JSOC_20181122_404,http://jsoc.stanford.edu/SUM73/D1112370491/S00000/JSOC_20181122_404.tar
JSOC_20181122_405,http://jsoc.stanford.edu/SUM88/D1112370505/S00000/JSOC_20181122_405.tar
JSOC_20181122_406,http://jsoc.stanford.edu/SUM79/D1112370549/S00000/JSOC_20181122_406.tar
JSOC_20181122_407,http://jsoc.stanford.edu/SUM73/D1112370561/S00000/JSOC_20181122_407.tar
JSOC_20181122_408,http://jsoc.stanford.edu/SUM91/D1112370625/S00000/JSOC_20181122_408.tar
JSOC_20181122_409,http://jsoc.stanford.edu/SUM87/D1112370626/S00000/JSOC_20181122_409.tar
JSOC_20181122_410,http://jsoc.stanford.edu/SUM99/D1112370647/S00000/JSOC_20181122_410.tar
JSOC_20181122_411,http://jsoc.stanford.edu/SUM92/D1112370661/S00000/JSOC_20181122_411.tar
JSOC_20181122_413,http://jsoc.stanford.edu/SUM85/D1112370740/S00000/JSOC_20181122_413.tar
JSOC_20181122_414,http://jsoc.stanford.edu/SUM98/D1112370833/S00000/JSOC_20181122_414.tar
JSOC_20181122_415,http://jsoc.stanford.edu/SUM82/D1112370844/S00000/JSOC_20181122_415.tar
JSOC_20181122_416,http://jsoc.stanford.edu/SUM97/D1112370845/S00000/JSOC_20181122_416.tar
JSOC_20181122_417,http://jsoc.stanford.edu/SUM76/D1112370882/S00000/JSOC_20181122_417.tar
JSOC_20181122_418,http://jsoc.stanford.edu/SUM98/D1112370913/S00000/JSOC_20181122_418.tar
JSOC_20181122_419,http://jsoc.stanford.edu/SUM95/D1112370952/S00000/JSOC_20181122_419.tar
JSOC_20181122_420,http://jsoc.stanford.edu/SUM79/D1112370976/S00000/JSOC_20181122_420.tar
JSOC_20181122_421,http://jsoc.stanford.edu/SUM78/D1112370987/S00000/JSOC_20181122_421.tar
JSOC_20181122_422,http://jsoc.stanford.edu/SUM75/D1112371040/S00000/JSOC_20181122_422.tar
JSOC_20181122_423,http://jsoc.stanford.edu/SUM80/D1112371052/S00000/JSOC_20181122_423.tar
JSOC_20181122_424,http://jsoc.stanford.edu/SUM89/D1112371081/S00000/JSOC_20181122_424.tar
JSOC_20181122_425,http://jsoc.stanford.edu/SUM85/D1112371117/S00000/JSOC_20181122_425.tar
JSOC_20181122_426,http://jsoc.stanford.edu/SUM85/D1112371129/S00000/JSOC_20181122_426.tar
JSOC_20181122_427,http://jsoc.stanford.edu/SUM86/D1112371224/S00000/JSOC_20181122_427.tar
JSOC_20181122_428,http://jsoc.stanford.edu/SUM73/D1112371267/S00000/JSOC_20181122_428.tar
JSOC_20181122_429,http://jsoc.stanford.edu/SUM91/D1112371320/S00000/JSOC_20181122_429.tar
JSOC_20181122_430,http://jsoc.stanford.edu/SUM97/D1112371356/S00000/JSOC_20181122_430.tar
JSOC_20181122_431,http://jsoc.stanford.edu/SUM78/D1112371357/S00000/JSOC_20181122_431.tar
JSOC_20181122_432,http://jsoc.stanford.edu/SUM95/D1112371434/S00000/JSOC_20181122_432.tar
JSOC_20181122_433,http://jsoc.stanford.edu/SUM75/D1112371488/S00000/JSOC_20181122_433.tar
JSOC_20181122_434,http://jsoc.stanford.edu/SUM92/D1112371515/S00000/JSOC_20181122_434.tar
JSOC_20181122_435,http://jsoc.stanford.edu/SUM88/D1112371517/S00000/JSOC_20181122_435.tar
JSOC_20181122_436,http://jsoc.stanford.edu/SUM73/D1112371549/S00000/JSOC_20181122_436.tar
JSOC_20181122_437,http://jsoc.stanford.edu/SUM76/D1112371566/S00000/JSOC_20181122_437.tar
JSOC_20181122_438,http://jsoc.stanford.edu/SUM80/D1112371605/S00000/JSOC_20181122_438.tar
JSOC_20181122_439,http://jsoc.stanford.edu/SUM92/D1112371607/S00000/JSOC_20181122_439.tar
JSOC_20181122_440,http://jsoc.stanford.edu/SUM93/D1112371635/S00000/JSOC_20181122_440.tar
JSOC_20181122_441,http://jsoc.stanford.edu/SUM77/D1112371647/S00000/JSOC_20181122_441.tar
JSOC_20181122_442,http://jsoc.stanford.edu/SUM81/D1112371683/S00000/JSOC_20181122_442.tar
JSOC_20181122_443,http://jsoc.stanford.edu/SUM94/D1112371708/S00000/JSOC_20181122_443.tar
JSOC_20181122_444,http://jsoc.stanford.edu/SUM87/D1112371725/S00000/JSOC_20181122_444.tar
JSOC_20181122_445,http://jsoc.stanford.edu/SUM77/D1112371815/S00000/JSOC_20181122_445.tar
JSOC_20181122_446,http://jsoc.stanford.edu/SUM91/D1112371853/S00000/JSOC_20181122_446.tar
JSOC_20181122_447,http://jsoc.stanford.edu/SUM96/D1112371877/S00000/JSOC_20181122_447.tar
JSOC_20181122_448,http://jsoc.stanford.edu/SUM97/D1112371890/S00000/JSOC_20181122_448.tar
JSOC_20181122_449,http://jsoc.stanford.edu/SUM92/D1112371928/S00000/JSOC_20181122_449.tar
JSOC_20181122_450,http://jsoc.stanford.edu/SUM81/D1112371929/S00000/JSOC_20181122_450.tar
JSOC_20181122_451,http://jsoc.stanford.edu/SUM93/D1112372001/S00000/JSOC_20181122_451.tar
JSOC_20181122_454,http://jsoc.stanford.edu/SUM91/D1112372678/S00000/JSOC_20181122_454.tar
JSOC_20181122_455,http://jsoc.stanford.edu/SUM87/D1112372965/S00000/JSOC_20181122_455.tar
JSOC_20181122_456,http://jsoc.stanford.edu/SUM78/D1112373269/S00000/JSOC_20181122_456.tar
JSOC_20181122_457,http://jsoc.stanford.edu/SUM98/D1112373326/S00000/JSOC_20181122_457.tar
JSOC_20181122_458,http://jsoc.stanford.edu/SUM73/D1112373364/S00000/JSOC_20181122_458.tar
JSOC_20181122_459,http://jsoc.stanford.edu/SUM87/D1112373388/S00000/JSOC_20181122_459.tar
JSOC_20181122_460,http://jsoc.stanford.edu/SUM79/D1112373387/S00000/JSOC_20181122_460.tar
JSOC_20181122_461,http://jsoc.stanford.edu/SUM80/D1112373409/S00000/JSOC_20181122_461.tar
JSOC_20181122_462,http://jsoc.stanford.edu/SUM84/D1112373434/S00000/JSOC_20181122_462.tar
JSOC_20181122_463,http://jsoc.stanford.edu/SUM81/D1112373471/S00000/JSOC_20181122_463.tar
JSOC_20181122_464,http://jsoc.stanford.edu/SUM77/D1112373547/S00000/JSOC_20181122_464.tar
JSOC_20181122_465,http://jsoc.stanford.edu/SUM77/D1112373582/S00000/JSOC_20181122_465.tar
JSOC_20181122_466,http://jsoc.stanford.edu/SUM88/D1112373611/S00000/JSOC_20181122_466.tar
JSOC_20181122_467,http://jsoc.stanford.edu/SUM91/D1112373612/S00000/JSOC_20181122_467.tar
JSOC_20181122_468,http://jsoc.stanford.edu/SUM92/D1112373668/S00000/JSOC_20181122_468.tar
JSOC_20181122_469,http://jsoc.stanford.edu/SUM77/D1112373681/S00000/JSOC_20181122_469.tar
JSOC_20181122_470,http://jsoc.stanford.edu/SUM95/D1112373720/S00000/JSOC_20181122_470.tar
JSOC_20181122_471,http://jsoc.stanford.edu/SUM83/D1112373721/S00000/JSOC_20181122_471.tar
JSOC_20181122_472,http://jsoc.stanford.edu/SUM73/D1112373770/S00000/JSOC_20181122_472.tar
JSOC_20181122_473,http://jsoc.stanford.edu/SUM80/D1112373781/S00000/JSOC_20181122_473.tar
JSOC_20181122_474,http://jsoc.stanford.edu/SUM78/D1112373804/S00000/JSOC_20181122_474.tar
JSOC_20181122_475,http://jsoc.stanford.edu/SUM81/D1112373837/S00000/JSOC_20181122_475.tar
JSOC_20181122_476,http://jsoc.stanford.edu/SUM73/D1112373939/S00000/JSOC_20181122_476.tar
JSOC_20181122_477,http://jsoc.stanford.edu/SUM95/D1112373956/S00000/JSOC_20181122_477.tar
JSOC_20181122_478,http://jsoc.stanford.edu/SUM85/D1112373955/S00000/JSOC_20181122_478.tar
JSOC_20181122_479,http://jsoc.stanford.edu/SUM86/D1112374007/S00000/JSOC_20181122_479.tar
JSOC_20181122_480,http://jsoc.stanford.edu/SUM99/D1112374025/S00000/JSOC_20181122_480.tar
JSOC_20181122_481,http://jsoc.stanford.edu/SUM91/D1112374026/S00000/JSOC_20181122_481.tar
JSOC_20181122_482,http://jsoc.stanford.edu/SUM75/D1112374048/S00000/JSOC_20181122_482.tar
JSOC_20181122_483,http://jsoc.stanford.edu/SUM95/D1112374141/S00000/JSOC_20181122_483.tar
JSOC_20181122_485,http://jsoc.stanford.edu/SUM96/D1112374155/S00000/JSOC_20181122_485.tar
JSOC_20181122_486,http://jsoc.stanford.edu/SUM92/D1112374189/S00000/JSOC_20181122_486.tar
JSOC_20181122_487,http://jsoc.stanford.edu/SUM95/D1112374215/S00000/JSOC_20181122_487.tar
JSOC_20181122_488,http://jsoc.stanford.edu/SUM88/D1112374228/S00000/JSOC_20181122_488.tar
JSOC_20181122_489,http://jsoc.stanford.edu/SUM73/D1112374265/S00000/JSOC_20181122_489.tar
JSOC_20181122_490,http://jsoc.stanford.edu/SUM96/D1112374288/S00000/JSOC_20181122_490.tar
JSOC_20181122_491,http://jsoc.stanford.edu/SUM85/D1112374326/S00000/JSOC_20181122_491.tar
JSOC_20181122_492,http://jsoc.stanford.edu/SUM95/D1112374348/S00000/JSOC_20181122_492.tar
JSOC_20181122_493,http://jsoc.stanford.edu/SUM88/D1112374406/S00000/JSOC_20181122_493.tar
JSOC_20181122_494,http://jsoc.stanford.edu/SUM83/D1112374452/S00000/JSOC_20181122_494.tar
JSOC_20181122_495,http://jsoc.stanford.edu/SUM99/D1112374450/S00000/JSOC_20181122_495.tar
JSOC_20181122_496,http://jsoc.stanford.edu/SUM76/D1112374475/S00000/JSOC_20181122_496.tar
JSOC_20181122_497,http://jsoc.stanford.edu/SUM80/D1112374501/S00000/JSOC_20181122_497.tar
JSOC_20181122_498,http://jsoc.stanford.edu/SUM99/D1112374500/S00000/JSOC_20181122_498.tar
JSOC_20181122_499,http://jsoc.stanford.edu/SUM90/D1112374542/S00000/JSOC_20181122_499.tar
JSOC_20181122_500,http://jsoc.stanford.edu/SUM93/D1112374543/S00000/JSOC_20181122_500.tar
JSOC_20181122_501,http://jsoc.stanford.edu/SUM93/D1112374553/S00000/JSOC_20181122_501.tar
JSOC_20181122_502,http://jsoc.stanford.edu/SUM93/D1112374594/S00000/JSOC_20181122_502.tar
JSOC_20181122_503,http://jsoc.stanford.edu/SUM89/D1112374621/S00000/JSOC_20181122_503.tar
JSOC_20181122_504,http://jsoc.stanford.edu/SUM73/D1112374648/S00000/JSOC_20181122_504.tar
JSOC_20181122_505,http://jsoc.stanford.edu/SUM77/D1112374649/S00000/JSOC_20181122_505.tar
JSOC_20181122_506,http://jsoc.stanford.edu/SUM89/D1112374714/S00000/JSOC_20181122_506.tar
JSOC_20181122_507,http://jsoc.stanford.edu/SUM99/D1112374715/S00000/JSOC_20181122_507.tar
JSOC_20181122_508,http://jsoc.stanford.edu/SUM94/D1112374745/S00000/JSOC_20181122_508.tar
JSOC_20181122_509,http://jsoc.stanford.edu/SUM78/D1112374774/S00000/JSOC_20181122_509.tar
JSOC_20181122_510,http://jsoc.stanford.edu/SUM93/D1112374834/S00000/JSOC_20181122_510.tar
JSOC_20181122_511,http://jsoc.stanford.edu/SUM89/D1112374881/S00000/JSOC_20181122_511.tar
JSOC_20181122_512,http://jsoc.stanford.edu/SUM90/D1112374890/S00000/JSOC_20181122_512.tar
JSOC_20181122_513,http://jsoc.stanford.edu/SUM94/D1112374903/S00000/JSOC_20181122_513.tar
JSOC_20181122_514,http://jsoc.stanford.edu/SUM86/D1112375095/S00000/JSOC_20181122_514.tar
JSOC_20181122_516,http://jsoc.stanford.edu/SUM87/D1112375484/S00000/JSOC_20181122_516.tar
JSOC_20181122_369,http://jsoc.stanford.edu/SUM76/D1112369636/S00000/JSOC_20181122_369.tar
JSOC_20181122_369,http://jsoc.stanford.edu/SUM76/D1112369636/S00000/JSOC_20181122_369.tar
JSOC_20181122_369,http://jsoc.stanford.edu/SUM76/D1112369636/S00000/JSOC_20181122_369.tar
JSOC_20181122_369,http://jsoc.stanford.edu/SUM76/D1112369636/S00000/JSOC_20181122_369.tar
JSOC_20181122_369,http://jsoc.stanford.edu/SUM76/D1112369636/S00000/JSOC_20181122_369.tar
JSOC_20181122_369,http://jsoc.stanford.edu/SUM76/D1112369636/S00000/JSOC_20181122_369.tar
JSOC_20181122_369,http://jsoc.stanford.edu/SUM76/D1112369636/S00000/JSOC_20181122_369.tar
JSOC_20181122_369,http://jsoc.stanford.edu/SUM76/D1112369636/S00000/JSOC_20181122_369.tar
JSOC_20181122_369,http://jsoc.stanford.edu/SUM76/D1112369636/S00000/JSOC_20181122_369.tar
JSOC_20181122_369,http://jsoc.stanford.edu/SUM76/D1112369636/S00000/JSOC_20181122_369.tar
JSOC_20181122_369,http://jsoc.stanford.edu/SUM76/D1112369636/S00000/JSOC_20181122_369.tar
JSOC_20181122_369,http://jsoc.stanford.edu/SUM76/D1112369636/S00000/JSOC_20181122_369.tar
JSOC_20181122_369,http://jsoc.stanford.edu/SUM76/D1112369636/S00000/JSOC_20181122_369.tar
JSOC_20181122_369,http://jsoc.stanford.edu/SUM76/D1112369636/S00000/JSOC_20181122_369.tar
JSOC_20181122_369,http://jsoc.stanford.edu/SUM76/D1112369636/S00000/JSOC_20181122_369.tar
JSOC_20181122_369,http://jsoc.stanford.edu/SUM76/D1112369636/S00000/JSOC_20181122_369.tar
JSOC_20181122_369,http://jsoc.stanford.edu/SUM76/D1112369636/S00000/JSOC_20181122_369.tar
JSOC_20181122_519,http://jsoc.stanford.edu/SUM80/D1112376930/S00000/JSOC_20181122_519.tar
JSOC_20181122_520,http://jsoc.stanford.edu/SUM90/D1112376931/S00000/JSOC_20181122_520.tar
JSOC_20181122_521,http://jsoc.stanford.edu/SUM85/D1112376954/S00000/JSOC_20181122_521.tar
JSOC_20181122_522,http://jsoc.stanford.edu/SUM96/D1112377005/S00000/JSOC_20181122_522.tar
JSOC_20181122_369,http://jsoc.stanford.edu/SUM76/D1112369636/S00000/JSOC_20181122_369.tar
JSOC_20181122_523,http://jsoc.stanford.edu/SUM99/D1112377666/S00000/JSOC_20181122_523.tar
JSOC_20181122_524,http://jsoc.stanford.edu/SUM76/D1112377696/S00000/JSOC_20181122_524.tar
JSOC_20181122_525,http://jsoc.stanford.edu/SUM98/D1112377698/S00000/JSOC_20181122_525.tar
JSOC_20181122_526,http://jsoc.stanford.edu/SUM86/D1112377699/S00000/JSOC_20181122_526.tar
JSOC_20181122_527,http://jsoc.stanford.edu/SUM76/D1112377702/S00000/JSOC_20181122_527.tar
JSOC_20181122_528,http://jsoc.stanford.edu/SUM95/D1112377701/S00000/JSOC_20181122_528.tar
JSOC_20181122_529,http://jsoc.stanford.edu/SUM96/D1112377700/S00000/JSOC_20181122_529.tar
JSOC_20181122_530,http://jsoc.stanford.edu/SUM78/D1112377781/S00000/JSOC_20181122_530.tar
JSOC_20181122_531,http://jsoc.stanford.edu/SUM79/D1112377850/S00000/JSOC_20181122_531.tar
JSOC_20181122_532,http://jsoc.stanford.edu/SUM86/D1112377873/S00000/JSOC_20181122_532.tar
JSOC_20181122_533,http://jsoc.stanford.edu/SUM91/D1112377908/S00000/JSOC_20181122_533.tar
JSOC_20181122_534,http://jsoc.stanford.edu/SUM91/D1112377916/S00000/JSOC_20181122_534.tar
JSOC_20181122_535,http://jsoc.stanford.edu/SUM93/D1112377915/S00000/JSOC_20181122_535.tar
JSOC_20181122_536,http://jsoc.stanford.edu/SUM88/D1112377977/S00000/JSOC_20181122_536.tar
JSOC_20181122_537,http://jsoc.stanford.edu/SUM77/D1112378039/S00000/JSOC_20181122_537.tar
JSOC_20181122_538,http://jsoc.stanford.edu/SUM90/D1112378069/S00000/JSOC_20181122_538.tar
JSOC_20181122_539,http://jsoc.stanford.edu/SUM77/D1112378093/S00000/JSOC_20181122_539.tar
JSOC_20181122_540,http://jsoc.stanford.edu/SUM95/D1112378165/S00000/JSOC_20181122_540.tar
JSOC_20181122_541,http://jsoc.stanford.edu/SUM76/D1112378244/S00000/JSOC_20181122_541.tar
JSOC_20181122_542,http://jsoc.stanford.edu/SUM99/D1112378289/S00000/JSOC_20181122_542.tar
JSOC_20181122_543,http://jsoc.stanford.edu/SUM82/D1112378361/S00000/JSOC_20181122_543.tar
JSOC_20181122_544,http://jsoc.stanford.edu/SUM84/D1112378368/S00000/JSOC_20181122_544.tar
JSOC_20181122_545,http://jsoc.stanford.edu/SUM85/D1112378409/S00000/JSOC_20181122_545.tar
JSOC_20181122_546,http://jsoc.stanford.edu/SUM86/D1112378459/S00000/JSOC_20181122_546.tar
JSOC_20181122_548,http://jsoc.stanford.edu/SUM77/D1112378473/S00000/JSOC_20181122_548.tar
JSOC_20181122_549,http://jsoc.stanford.edu/SUM98/D1112378527/S00000/JSOC_20181122_549.tar
JSOC_20181122_550,http://jsoc.stanford.edu/SUM99/D1112378538/S00000/JSOC_20181122_550.tar
JSOC_20181122_551,http://jsoc.stanford.edu/SUM85/D1112378583/S00000/JSOC_20181122_551.tar
JSOC_20181122_552,http://jsoc.stanford.edu/SUM83/D1112378675/S00000/JSOC_20181122_552.tar
JSOC_20181122_553,http://jsoc.stanford.edu/SUM83/D1112378732/S00000/JSOC_20181122_553.tar
JSOC_20181122_561,http://jsoc.stanford.edu/SUM89/D1112378781/S00000/JSOC_20181122_561.tar
JSOC_20181122_567,http://jsoc.stanford.edu/SUM84/D1112378829/S00000/JSOC_20181122_567.tar
JSOC_20181122_572,http://jsoc.stanford.edu/SUM97/D1112378860/S00000/JSOC_20181122_572.tar
JSOC_20181122_574,http://jsoc.stanford.edu/SUM83/D1112378911/S00000/JSOC_20181122_574.tar
JSOC_20181122_578,http://jsoc.stanford.edu/SUM77/D1112378926/S00000/JSOC_20181122_578.tar
JSOC_20181122_581,http://jsoc.stanford.edu/SUM84/D1112378975/S00000/JSOC_20181122_581.tar
JSOC_20181122_582,http://jsoc.stanford.edu/SUM97/D1112378992/S00000/JSOC_20181122_582.tar
JSOC_20181122_583,http://jsoc.stanford.edu/SUM84/D1112379029/S00000/JSOC_20181122_583.tar
JSOC_20181122_584,http://jsoc.stanford.edu/SUM83/D1112379051/S00000/JSOC_20181122_584.tar
JSOC_20181122_585,http://jsoc.stanford.edu/SUM96/D1112379114/S00000/JSOC_20181122_585.tar
JSOC_20181122_586,http://jsoc.stanford.edu/SUM88/D1112379149/S00000/JSOC_20181122_586.tar
JSOC_20181122_587,http://jsoc.stanford.edu/SUM73/D1112379175/S00000/JSOC_20181122_587.tar
JSOC_20181122_588,http://jsoc.stanford.edu/SUM93/D1112379209/S00000/JSOC_20181122_588.tar
JSOC_20181122_589,http://jsoc.stanford.edu/SUM87/D1112379250/S00000/JSOC_20181122_589.tar
JSOC_20181122_590,http://jsoc.stanford.edu/SUM90/D1112379272/S00000/JSOC_20181122_590.tar
JSOC_20181122_591,http://jsoc.stanford.edu/SUM99/D1112379326/S00000/JSOC_20181122_591.tar
JSOC_20181122_592,http://jsoc.stanford.edu/SUM91/D1112379353/S00000/JSOC_20181122_592.tar
JSOC_20181122_593,http://jsoc.stanford.edu/SUM95/D1112379362/S00000/JSOC_20181122_593.tar
JSOC_20181122_594,http://jsoc.stanford.edu/SUM82/D1112379412/S00000/JSOC_20181122_594.tar
JSOC_20181122_595,http://jsoc.stanford.edu/SUM91/D1112379426/S00000/JSOC_20181122_595.tar
JSOC_20181122_596,http://jsoc.stanford.edu/SUM86/D1112379520/S00000/JSOC_20181122_596.tar
JSOC_20181122_597,http://jsoc.stanford.edu/SUM76/D1112379534/S00000/JSOC_20181122_597.tar
JSOC_20181122_598,http://jsoc.stanford.edu/SUM91/D1112379567/S00000/JSOC_20181122_598.tar
JSOC_20181122_599,http://jsoc.stanford.edu/SUM95/D1112379600/S00000/JSOC_20181122_599.tar
JSOC_20181122_600,http://jsoc.stanford.edu/SUM99/D1112379611/S00000/JSOC_20181122_600.tar
JSOC_20181122_601,http://jsoc.stanford.edu/SUM96/D1112379747/S00000/JSOC_20181122_601.tar
JSOC_20181122_602,http://jsoc.stanford.edu/SUM80/D1112379782/S00000/JSOC_20181122_602.tar
JSOC_20181122_603,http://jsoc.stanford.edu/SUM82/D1112379783/S00000/JSOC_20181122_603.tar
JSOC_20181122_604,http://jsoc.stanford.edu/SUM79/D1112379841/S00000/JSOC_20181122_604.tar
JSOC_20181122_605,http://jsoc.stanford.edu/SUM87/D1112379905/S00000/JSOC_20181122_605.tar
JSOC_20181122_606,http://jsoc.stanford.edu/SUM82/D1112379933/S00000/JSOC_20181122_606.tar
JSOC_20181122_607,http://jsoc.stanford.edu/SUM94/D1112379974/S00000/JSOC_20181122_607.tar
JSOC_20181122_608,http://jsoc.stanford.edu/SUM98/D1112379998/S00000/JSOC_20181122_608.tar
JSOC_20181122_609,http://jsoc.stanford.edu/SUM90/D1112380020/S00000/JSOC_20181122_609.tar
JSOC_20181122_610,http://jsoc.stanford.edu/SUM86/D1112380044/S00000/JSOC_20181122_610.tar
JSOC_20181122_611,http://jsoc.stanford.edu/SUM92/D1112380117/S00000/JSOC_20181122_611.tar
JSOC_20181122_612,http://jsoc.stanford.edu/SUM79/D1112380161/S00000/JSOC_20181122_612.tar
JSOC_20181122_613,http://jsoc.stanford.edu/SUM98/D1112380237/S00000/JSOC_20181122_613.tar
JSOC_20181122_614,http://jsoc.stanford.edu/SUM81/D1112380272/S00000/JSOC_20181122_614.tar
JSOC_20181122_615,http://jsoc.stanford.edu/SUM99/D1112380315/S00000/JSOC_20181122_615.tar
JSOC_20181122_616,http://jsoc.stanford.edu/SUM84/D1112380382/S00000/JSOC_20181122_616.tar
JSOC_20181122_617,http://jsoc.stanford.edu/SUM95/D1112380420/S00000/JSOC_20181122_617.tar
JSOC_20181122_618,http://jsoc.stanford.edu/SUM92/D1112380477/S00000/JSOC_20181122_618.tar
JSOC_20181122_619,http://jsoc.stanford.edu/SUM95/D1112380503/S00000/JSOC_20181122_619.tar
JSOC_20181122_620,http://jsoc.stanford.edu/SUM73/D1112380573/S00000/JSOC_20181122_620.tar
JSOC_20181122_621,http://jsoc.stanford.edu/SUM80/D1112380586/S00000/JSOC_20181122_621.tar
JSOC_20181122_622,http://jsoc.stanford.edu/SUM84/D1112380614/S00000/JSOC_20181122_622.tar
JSOC_20181122_369,http://jsoc.stanford.edu/SUM76/D1112369636/S00000/JSOC_20181122_369.tar
JSOC_20181122_623,http://jsoc.stanford.edu/SUM96/D1112380681/S00000/JSOC_20181122_623.tar
JSOC_20181122_624,http://jsoc.stanford.edu/SUM84/D1112380996/S00000/JSOC_20181122_624.tar
JSOC_20181122_625,http://jsoc.stanford.edu/SUM78/D1112381031/S00000/JSOC_20181122_625.tar
JSOC_20181122_626,http://jsoc.stanford.edu/SUM99/D1112381045/S00000/JSOC_20181122_626.tar
JSOC_20181122_369,http://jsoc.stanford.edu/SUM76/D1112369636/S00000/JSOC_20181122_369.tar
JSOC_20181122_627,http://jsoc.stanford.edu/SUM96/D1112381076/S00000/JSOC_20181122_627.tar
JSOC_20181122_628,http://jsoc.stanford.edu/SUM92/D1112381135/S00000/JSOC_20181122_628.tar
JSOC_20181122_629,http://jsoc.stanford.edu/SUM76/D1112381134/S00000/JSOC_20181122_629.tar
JSOC_20181122_630,http://jsoc.stanford.edu/SUM82/D1112381168/S00000/JSOC_20181122_630.tar
JSOC_20181122_631,http://jsoc.stanford.edu/SUM99/D1112381235/S00000/JSOC_20181122_631.tar
JSOC_20181122_632,http://jsoc.stanford.edu/SUM80/D1112381276/S00000/JSOC_20181122_632.tar
JSOC_20181122_633,http://jsoc.stanford.edu/SUM96/D1112381344/S00000/JSOC_20181122_633.tar
JSOC_20181122_634,http://jsoc.stanford.edu/SUM86/D1112381372/S00000/JSOC_20181122_634.tar
JSOC_20181122_635,http://jsoc.stanford.edu/SUM78/D1112381411/S00000/JSOC_20181122_635.tar
JSOC_20181122_636,http://jsoc.stanford.edu/SUM81/D1112381425/S00000/JSOC_20181122_636.tar
JSOC_20181122_637,http://jsoc.stanford.edu/SUM93/D1112381462/S00000/JSOC_20181122_637.tar
JSOC_20181122_638,http://jsoc.stanford.edu/SUM91/D1112381520/S00000/JSOC_20181122_638.tar
JSOC_20181122_639,http://jsoc.stanford.edu/SUM79/D1112381563/S00000/JSOC_20181122_639.tar
JSOC_20181122_640,http://jsoc.stanford.edu/SUM80/D1112381581/S00000/JSOC_20181122_640.tar
JSOC_20181122_641,http://jsoc.stanford.edu/SUM96/D1112381612/S00000/JSOC_20181122_641.tar
JSOC_20181122_642,http://jsoc.stanford.edu/SUM87/D1112381647/S00000/JSOC_20181122_642.tar
JSOC_20181122_643,http://jsoc.stanford.edu/SUM76/D1112381736/S00000/JSOC_20181122_643.tar
JSOC_20181122_644,http://jsoc.stanford.edu/SUM93/D1112381784/S00000/JSOC_20181122_644.tar
JSOC_20181122_645,http://jsoc.stanford.edu/SUM87/D1112381814/S00000/JSOC_20181122_645.tar
JSOC_20181122_646,http://jsoc.stanford.edu/SUM99/D1112381832/S00000/JSOC_20181122_646.tar
JSOC_20181122_647,http://jsoc.stanford.edu/SUM95/D1112381887/S00000/JSOC_20181122_647.tar
JSOC_20181122_648,http://jsoc.stanford.edu/SUM80/D1112381907/S00000/JSOC_20181122_648.tar
JSOC_20181122_649,http://jsoc.stanford.edu/SUM78/D1112381980/S00000/JSOC_20181122_649.tar
JSOC_20181122_650,http://jsoc.stanford.edu/SUM97/D1112381981/S00000/JSOC_20181122_650.tar
JSOC_20181122_651,http://jsoc.stanford.edu/SUM80/D1112382005/S00000/JSOC_20181122_651.tar
JSOC_20181122_652,http://jsoc.stanford.edu/SUM73/D1112382019/S00000/JSOC_20181122_652.tar
JSOC_20181122_653,http://jsoc.stanford.edu/SUM81/D1112382071/S00000/JSOC_20181122_653.tar
JSOC_20181122_654,http://jsoc.stanford.edu/SUM84/D1112382093/S00000/JSOC_20181122_654.tar
JSOC_20181122_655,http://jsoc.stanford.edu/SUM90/D1112382105/S00000/JSOC_20181122_655.tar
JSOC_20181122_656,http://jsoc.stanford.edu/SUM99/D1112382142/S00000/JSOC_20181122_656.tar
JSOC_20181122_657,http://jsoc.stanford.edu/SUM78/D1112382181/S00000/JSOC_20181122_657.tar
JSOC_20181122_658,http://jsoc.stanford.edu/SUM76/D1112382238/S00000/JSOC_20181122_658.tar
JSOC_20181122_659,http://jsoc.stanford.edu/SUM97/D1112382249/S00000/JSOC_20181122_659.tar
JSOC_20181122_660,http://jsoc.stanford.edu/SUM93/D1112382352/S00000/JSOC_20181122_660.tar
JSOC_20181122_661,http://jsoc.stanford.edu/SUM75/D1112382391/S00000/JSOC_20181122_661.tar
JSOC_20181122_662,http://jsoc.stanford.edu/SUM82/D1112382416/S00000/JSOC_20181122_662.tar
JSOC_20181122_663,http://jsoc.stanford.edu/SUM95/D1112382469/S00000/JSOC_20181122_663.tar
JSOC_20181122_664,http://jsoc.stanford.edu/SUM76/D1112382511/S00000/JSOC_20181122_664.tar
JSOC_20181122_665,http://jsoc.stanford.edu/SUM90/D1112382543/S00000/JSOC_20181122_665.tar
JSOC_20181122_666,http://jsoc.stanford.edu/SUM73/D1112382669/S00000/JSOC_20181122_666.tar
JSOC_20181122_667,http://jsoc.stanford.edu/SUM94/D1112382721/S00000/JSOC_20181122_667.tar
JSOC_20181122_668,http://jsoc.stanford.edu/SUM92/D1112382757/S00000/JSOC_20181122_668.tar
JSOC_20181122_669,http://jsoc.stanford.edu/SUM75/D1112382779/S00000/JSOC_20181122_669.tar
JSOC_20181122_670,http://jsoc.stanford.edu/SUM87/D1112382813/S00000/JSOC_20181122_670.tar
JSOC_20181122_671,http://jsoc.stanford.edu/SUM79/D1112382890/S00000/JSOC_20181122_671.tar
JSOC_20181122_672,http://jsoc.stanford.edu/SUM92/D1112382922/S00000/JSOC_20181122_672.tar
JSOC_20181122_673,http://jsoc.stanford.edu/SUM85/D1112382953/S00000/JSOC_20181122_673.tar
JSOC_20181122_674,http://jsoc.stanford.edu/SUM96/D1112382952/S00000/JSOC_20181122_674.tar
JSOC_20181122_675,http://jsoc.stanford.edu/SUM81/D1112382992/S00000/JSOC_20181122_675.tar
JSOC_20181122_676,http://jsoc.stanford.edu/SUM98/D1112383047/S00000/JSOC_20181122_676.tar
JSOC_20181122_677,http://jsoc.stanford.edu/SUM95/D1112383109/S00000/JSOC_20181122_677.tar
JSOC_20181122_678,http://jsoc.stanford.edu/SUM80/D1112383140/S00000/JSOC_20181122_678.tar
JSOC_20181122_679,http://jsoc.stanford.edu/SUM95/D1112383159/S00000/JSOC_20181122_679.tar
JSOC_20181122_680,http://jsoc.stanford.edu/SUM99/D1112383202/S00000/JSOC_20181122_680.tar
JSOC_20181122_681,http://jsoc.stanford.edu/SUM86/D1112383225/S00000/JSOC_20181122_681.tar
JSOC_20181122_682,http://jsoc.stanford.edu/SUM76/D1112383315/S00000/JSOC_20181122_682.tar
JSOC_20181122_683,http://jsoc.stanford.edu/SUM80/D1112383328/S00000/JSOC_20181122_683.tar
JSOC_20181122_684,http://jsoc.stanford.edu/SUM95/D1112383367/S00000/JSOC_20181122_684.tar
JSOC_20181122_685,http://jsoc.stanford.edu/SUM86/D1112383391/S00000/JSOC_20181122_685.tar
JSOC_20181122_686,http://jsoc.stanford.edu/SUM85/D1112383400/S00000/JSOC_20181122_686.tar
JSOC_20181122_687,http://jsoc.stanford.edu/SUM99/D1112383495/S00000/JSOC_20181122_687.tar
JSOC_20181122_688,http://jsoc.stanford.edu/SUM73/D1112383520/S00000/JSOC_20181122_688.tar
JSOC_20181122_689,http://jsoc.stanford.edu/SUM87/D1112383540/S00000/JSOC_20181122_689.tar
JSOC_20181122_690,http://jsoc.stanford.edu/SUM83/D1112383597/S00000/JSOC_20181122_690.tar
JSOC_20181122_691,http://jsoc.stanford.edu/SUM82/D1112383615/S00000/JSOC_20181122_691.tar
JSOC_20181122_692,http://jsoc.stanford.edu/SUM75/D1112383683/S00000/JSOC_20181122_692.tar
JSOC_20181122_696,http://jsoc.stanford.edu/SUM73/D1112383711/S00000/JSOC_20181122_696.tar
JSOC_20181122_697,http://jsoc.stanford.edu/SUM88/D1112383712/S00000/JSOC_20181122_697.tar
JSOC_20181122_698,http://jsoc.stanford.edu/SUM79/D1112383777/S00000/JSOC_20181122_698.tar
JSOC_20181122_699,http://jsoc.stanford.edu/SUM81/D1112383796/S00000/JSOC_20181122_699.tar
JSOC_20181122_700,http://jsoc.stanford.edu/SUM95/D1112383842/S00000/JSOC_20181122_700.tar
JSOC_20181122_701,http://jsoc.stanford.edu/SUM96/D1112383855/S00000/JSOC_20181122_701.tar
JSOC_20181122_702,http://jsoc.stanford.edu/SUM91/D1112383918/S00000/JSOC_20181122_702.tar
JSOC_20181122_703,http://jsoc.stanford.edu/SUM97/D1112383965/S00000/JSOC_20181122_703.tar
JSOC_20181122_704,http://jsoc.stanford.edu/SUM91/D1112384005/S00000/JSOC_20181122_704.tar
JSOC_20181122_705,http://jsoc.stanford.edu/SUM86/D1112384042/S00000/JSOC_20181122_705.tar
JSOC_20181122_706,http://jsoc.stanford.edu/SUM76/D1112384063/S00000/JSOC_20181122_706.tar
JSOC_20181122_707,http://jsoc.stanford.edu/SUM75/D1112384176/S00000/JSOC_20181122_707.tar
JSOC_20181122_708,http://jsoc.stanford.edu/SUM99/D1112384177/S00000/JSOC_20181122_708.tar
JSOC_20181122_709,http://jsoc.stanford.edu/SUM77/D1112384196/S00000/JSOC_20181122_709.tar
JSOC_20181122_710,http://jsoc.stanford.edu/SUM88/D1112384217/S00000/JSOC_20181122_710.tar
JSOC_20181122_711,http://jsoc.stanford.edu/SUM97/D1112384272/S00000/JSOC_20181122_711.tar
JSOC_20181122_712,http://jsoc.stanford.edu/SUM88/D1112384299/S00000/JSOC_20181122_712.tar
JSOC_20181122_369,http://jsoc.stanford.edu/SUM76/D1112369636/S00000/JSOC_20181122_369.tar
JSOC_20181122_713,http://jsoc.stanford.edu/SUM99/D1112384350/S00000/JSOC_20181122_713.tar
JSOC_20181122_714,http://jsoc.stanford.edu/SUM73/D1112384364/S00000/JSOC_20181122_714.tar
JSOC_20181122_715,http://jsoc.stanford.edu/SUM75/D1112384386/S00000/JSOC_20181122_715.tar
